line_id,library,version
spring-framework-5.3.x,antlr:antlr,2.7.7
spring-framework-5.3.x,aopalliance:aopalliance,1.0
spring-framework-5.3.x,ch.qos.logback:logback-classic,1.2.12
spring-framework-5.3.x,ch.qos.logback:logback-core,1.2.12
spring-framework-5.3.x,co.elastic.clients:elasticsearch-java,7.17.15
spring-framework-5.3.x,com.atomikos:atomikos-util,4.0.6
spring-framework-5.3.x,com.atomikos:transactions-api,4.0.6
spring-framework-5.3.x,com.atomikos:transactions-jdbc,4.0.6
spring-framework-5.3.x,com.atomikos:transactions-jms,4.0.6
spring-framework-5.3.x,com.atomikos:transactions-jta,4.0.6
spring-framework-5.3.x,com.atomikos:transactions,4.0.6
spring-framework-5.3.x,com.carrotsearch:hppc,0.8.1
spring-framework-5.3.x,com.couchbase.client:core-io,2.3.4
spring-framework-5.3.x,com.couchbase.client:java-client,3.3.4
spring-framework-5.3.x,com.datastax.oss:java-driver-core,4.14.1
spring-framework-5.3.x,com.datastax.oss:java-driver-query-builder,4.14.1
spring-framework-5.3.x,com.datastax.oss:java-driver-shaded-guava,25.1-jre-graal-sub-1
spring-framework-5.3.x,com.datastax.oss:native-protocol,1.5.1
spring-framework-5.3.x,com.fasterxml:classmate,1.5.1
spring-framework-5.3.x,com.fasterxml.jackson.core:jackson-annotations,2.11.4
spring-framework-5.3.x,com.fasterxml.jackson.core:jackson-annotations,2.12.2
spring-framework-5.3.x,com.fasterxml.jackson.core:jackson-annotations,2.13.0
spring-framework-5.3.x,com.fasterxml.jackson.core:jackson-annotations,2.13.2
spring-framework-5.3.x,com.fasterxml.jackson.core:jackson-annotations,2.13.5
spring-framework-5.3.x,com.fasterxml.jackson.core:jackson-annotations,2.14.2
spring-framework-5.3.x,com.fasterxml.jackson.core:jackson-core,2.11.4
spring-framework-5.3.x,com.fasterxml.jackson.core:jackson-core,2.12.2
spring-framework-5.3.x,com.fasterxml.jackson.core:jackson-core,2.13.0
spring-framework-5.3.x,com.fasterxml.jackson.core:jackson-core,2.13.2
spring-framework-5.3.x,com.fasterxml.jackson.core:jackson-core,2.13.5
spring-framework-5.3.x,com.fasterxml.jackson.core:jackson-core,2.14.2
spring-framework-5.3.x,com.fasterxml.jackson.core:jackson-databind,2.11.4
spring-framework-5.3.x,com.fasterxml.jackson.core:jackson-databind,2.12.2
spring-framework-5.3.x,com.fasterxml.jackson.core:jackson-databind,2.13.0
spring-framework-5.3.x,com.fasterxml.jackson.core:jackson-databind,2.13.2.2
spring-framework-5.3.x,com.fasterxml.jackson.core:jackson-databind,2.13.5
spring-framework-5.3.x,com.fasterxml.jackson.core:jackson-databind,2.14.2
spring-framework-5.3.x,com.fasterxml.jackson.dataformat:jackson-dataformat-cbor,2.13.5
spring-framework-5.3.x,com.fasterxml.jackson.dataformat:jackson-dataformat-cbor,2.14.2
spring-framework-5.3.x,com.fasterxml.jackson.dataformat:jackson-dataformat-smile,2.14.2
spring-framework-5.3.x,com.fasterxml.jackson.dataformat:jackson-dataformat-yaml,2.14.2
spring-framework-5.3.x,com.fasterxml.jackson.datatype:jackson-datatype-jdk8,2.13.5
spring-framework-5.3.x,com.fasterxml.jackson.datatype:jackson-datatype-jsr310,2.13.5
spring-framework-5.3.x,com.fasterxml.jackson.module:jackson-module-jaxb-annotations,2.12.2
spring-framework-5.3.x,com.fasterxml.jackson.module:jackson-module-parameter-names,2.13.5
spring-framework-5.3.x,com.fasterxml.woodstox:woodstox-core,5.0.3
spring-framework-5.3.x,com.github.jnr:jffi,1.3.9
spring-framework-5.3.x,com.github.jnr:jnr-a64asm,1.0.0
spring-framework-5.3.x,com.github.jnr:jnr-constants,0.10.3
spring-framework-5.3.x,com.github.jnr:jnr-ffi,2.2.11
spring-framework-5.3.x,com.github.jnr:jnr-posix,3.1.15
spring-framework-5.3.x,com.github.jnr:jnr-x86asm,1.0.2
spring-framework-5.3.x,com.github.spotbugs:spotbugs-annotations,3.1.12
spring-framework-5.3.x,com.github.spullara.mustache.java:compiler,0.9.6
spring-framework-5.3.x,com.github.stephenc.jcip:jcip-annotations,1.0-1
spring-framework-5.3.x,com.google.code.findbugs:jsr305,3.0.2
spring-framework-5.3.x,com.google.code.guice:guice,2.0
spring-framework-5.3.x,com.google.guava:guava,16.0.1
spring-framework-5.3.x,com.google.guava:guava,20.0
spring-framework-5.3.x,com.google.inject:guice,3.0
spring-framework-5.3.x,com.graphql-java:graphql-java,18.5
spring-framework-5.3.x,com.graphql-java:java-dataloader,3.1.2
spring-framework-5.3.x,com.jayway.jsonpath:json-path,2.6.0
spring-framework-5.3.x,com.jayway.jsonpath:json-path,2.7.0
spring-framework-5.3.x,com.mchange:c3p0,0.9.5.4
spring-framework-5.3.x,com.mchange:mchange-commons-java,0.2.15
spring-framework-5.3.x,com.nimbusds:content-type,2.2
spring-framework-5.3.x,com.nimbusds:lang-tag,1.6
spring-framework-5.3.x,com.nimbusds:nimbus-jose-jwt,9.22
spring-framework-5.3.x,com.nimbusds:oauth2-oidc-sdk,9.35
spring-framework-5.3.x,com.rabbitmq:amqp-client,5.14.3
spring-framework-5.3.x,com.samskivert:jmustache,1.15
spring-framework-5.3.x,com.sun.activation:jakarta.activation,1.2.1
spring-framework-5.3.x,com.sun.activation:jakarta.activation,1.2.2
spring-framework-5.3.x,com.sun.istack:istack-commons-runtime,3.0.5
spring-framework-5.3.x,com.sun.istack:istack-commons-runtime,3.0.7
spring-framework-5.3.x,com.sun.mail:jakarta.mail,1.6.7
spring-framework-5.3.x,com.sun.xml.fastinfoset:FastInfoset,1.2.15
spring-framework-5.3.x,com.sun.xml.messaging.saaj:saaj-impl,1.5.3
spring-framework-5.3.x,com.tdunning:t-digest,3.2
spring-framework-5.3.x,com.typesafe:config,1.4.1
spring-framework-5.3.x,com.vaadin.external.google:android-json,0.0.20131108.vaadin1
spring-framework-5.3.x,com.zaxxer:HikariCP-java7,2.4.13
spring-framework-5.3.x,com.zaxxer:HikariCP,4.0.3
spring-framework-5.3.x,commons-beanutils:commons-beanutils,1.9.4
spring-framework-5.3.x,commons-codec:commons-codec,1.10
spring-framework-5.3.x,commons-codec:commons-codec,1.11
spring-framework-5.3.x,commons-codec:commons-codec,1.15
spring-framework-5.3.x,commons-collections:commons-collections,3.2.1
spring-framework-5.3.x,commons-collections:commons-collections,3.2.2
spring-framework-5.3.x,commons-lang:commons-lang,2.4
spring-framework-5.3.x,commons-logging:commons-logging,1.1.1
spring-framework-5.3.x,commons-logging:commons-logging,1.1.3
spring-framework-5.3.x,commons-logging:commons-logging,1.2
spring-framework-5.3.x,io.dropwizard.metrics:metrics-core,3.1.5
spring-framework-5.3.x,io.dropwizard.metrics:metrics-core,4.1.18
spring-framework-5.3.x,io.lettuce:lettuce-core,6.1.10.RELEASE
spring-framework-5.3.x,io.micrometer:micrometer-core,1.9.17
spring-framework-5.3.x,io.netty:netty-buffer,4.1.101.Final
spring-framework-5.3.x,io.netty:netty-buffer,4.1.73.Final
spring-framework-5.3.x,io.netty:netty-buffer,4.1.75.Final
spring-framework-5.3.x,io.netty:netty-buffer,4.1.81.Final
spring-framework-5.3.x,io.netty:netty-buffer,4.1.82.Final
spring-framework-5.3.x,io.netty:netty-buffer,4.1.93.Final
spring-framework-5.3.x,io.netty:netty-codec-dns,4.1.101.Final
spring-framework-5.3.x,io.netty:netty-codec-dns,4.1.81.Final
spring-framework-5.3.x,io.netty:netty-codec-http,4.1.101.Final
spring-framework-5.3.x,io.netty:netty-codec-http,4.1.73.Final
spring-framework-5.3.x,io.netty:netty-codec-http,4.1.81.Final
spring-framework-5.3.x,io.netty:netty-codec-http2,4.1.101.Final
spring-framework-5.3.x,io.netty:netty-codec-http2,4.1.81.Final
spring-framework-5.3.x,io.netty:netty-codec-socks,4.1.101.Final
spring-framework-5.3.x,io.netty:netty-codec-socks,4.1.73.Final
spring-framework-5.3.x,io.netty:netty-codec-socks,4.1.81.Final
spring-framework-5.3.x,io.netty:netty-codec,4.1.101.Final
spring-framework-5.3.x,io.netty:netty-codec,4.1.73.Final
spring-framework-5.3.x,io.netty:netty-codec,4.1.75.Final
spring-framework-5.3.x,io.netty:netty-codec,4.1.81.Final
spring-framework-5.3.x,io.netty:netty-codec,4.1.82.Final
spring-framework-5.3.x,io.netty:netty-common,4.1.101.Final
spring-framework-5.3.x,io.netty:netty-common,4.1.73.Final
spring-framework-5.3.x,io.netty:netty-common,4.1.75.Final
spring-framework-5.3.x,io.netty:netty-common,4.1.81.Final
spring-framework-5.3.x,io.netty:netty-common,4.1.82.Final
spring-framework-5.3.x,io.netty:netty-common,4.1.93.Final
spring-framework-5.3.x,io.netty:netty-handler-proxy,4.1.101.Final
spring-framework-5.3.x,io.netty:netty-handler-proxy,4.1.73.Final
spring-framework-5.3.x,io.netty:netty-handler-proxy,4.1.81.Final
spring-framework-5.3.x,io.netty:netty-handler,4.1.101.Final
spring-framework-5.3.x,io.netty:netty-handler,4.1.73.Final
spring-framework-5.3.x,io.netty:netty-handler,4.1.75.Final
spring-framework-5.3.x,io.netty:netty-handler,4.1.81.Final
spring-framework-5.3.x,io.netty:netty-handler,4.1.82.Final
spring-framework-5.3.x,io.netty:netty-resolver-dns-classes-macos,4.1.101.Final
spring-framework-5.3.x,io.netty:netty-resolver-dns-classes-macos,4.1.81.Final
spring-framework-5.3.x,io.netty:netty-resolver-dns-native-macos,4.1.101.Final
spring-framework-5.3.x,io.netty:netty-resolver-dns-native-macos,4.1.81.Final
spring-framework-5.3.x,io.netty:netty-resolver-dns,4.1.101.Final
spring-framework-5.3.x,io.netty:netty-resolver-dns,4.1.81.Final
spring-framework-5.3.x,io.netty:netty-resolver,4.1.101.Final
spring-framework-5.3.x,io.netty:netty-resolver,4.1.73.Final
spring-framework-5.3.x,io.netty:netty-resolver,4.1.75.Final
spring-framework-5.3.x,io.netty:netty-resolver,4.1.81.Final
spring-framework-5.3.x,io.netty:netty-resolver,4.1.82.Final
spring-framework-5.3.x,io.netty:netty-tcnative-classes,2.0.46.Final
spring-framework-5.3.x,io.netty:netty-transport-classes-epoll,4.1.101.Final
spring-framework-5.3.x,io.netty:netty-transport-classes-epoll,4.1.73.Final
spring-framework-5.3.x,io.netty:netty-transport-classes-epoll,4.1.81.Final
spring-framework-5.3.x,io.netty:netty-transport-classes-kqueue,4.1.73.Final
spring-framework-5.3.x,io.netty:netty-transport-native-epoll,4.1.101.Final
spring-framework-5.3.x,io.netty:netty-transport-native-epoll,4.1.73.Final
spring-framework-5.3.x,io.netty:netty-transport-native-epoll,4.1.81.Final
spring-framework-5.3.x,io.netty:netty-transport-native-kqueue,4.1.73.Final
spring-framework-5.3.x,io.netty:netty-transport-native-unix-common,4.1.101.Final
spring-framework-5.3.x,io.netty:netty-transport-native-unix-common,4.1.73.Final
spring-framework-5.3.x,io.netty:netty-transport-native-unix-common,4.1.81.Final
spring-framework-5.3.x,io.netty:netty-transport-native-unix-common,4.1.82.Final
spring-framework-5.3.x,io.netty:netty-transport,4.1.101.Final
spring-framework-5.3.x,io.netty:netty-transport,4.1.73.Final
spring-framework-5.3.x,io.netty:netty-transport,4.1.75.Final
spring-framework-5.3.x,io.netty:netty-transport,4.1.81.Final
spring-framework-5.3.x,io.netty:netty-transport,4.1.82.Final
spring-framework-5.3.x,io.projectreactor:reactor-core,3.2.22.RELEASE
spring-framework-5.3.x,io.projectreactor:reactor-core,3.3.22.RELEASE
spring-framework-5.3.x,io.projectreactor:reactor-core,3.4.19
spring-framework-5.3.x,io.projectreactor:reactor-core,3.4.22
spring-framework-5.3.x,io.projectreactor:reactor-core,3.4.23
spring-framework-5.3.x,io.projectreactor:reactor-core,3.4.29
spring-framework-5.3.x,io.projectreactor:reactor-core,3.4.32
spring-framework-5.3.x,io.projectreactor:reactor-core,3.4.34
spring-framework-5.3.x,io.projectreactor:reactor-core,3.4.41
spring-framework-5.3.x,io.projectreactor.addons:reactor-pool,0.2.9
spring-framework-5.3.x,io.projectreactor.netty:reactor-netty-core,1.0.23
spring-framework-5.3.x,io.projectreactor.netty:reactor-netty-core,1.0.39
spring-framework-5.3.x,io.projectreactor.netty:reactor-netty-http,1.0.23
spring-framework-5.3.x,io.projectreactor.netty:reactor-netty-http,1.0.39
spring-framework-5.3.x,io.r2dbc:r2dbc-pool,0.9.2.RELEASE
spring-framework-5.3.x,io.r2dbc:r2dbc-spi,0.8.6.RELEASE
spring-framework-5.3.x,io.r2dbc:r2dbc-spi,0.9.1.RELEASE
spring-framework-5.3.x,io.reactivex:rxjava-reactive-streams,1.2.1
spring-framework-5.3.x,io.reactivex:rxjava,1.2.2
spring-framework-5.3.x,io.rsocket:rsocket-core,1.1.3
spring-framework-5.3.x,io.rsocket:rsocket-core,1.1.4
spring-framework-5.3.x,io.rsocket:rsocket-transport-netty,1.1.3
spring-framework-5.3.x,io.spring.gradle:dependency-management-plugin,1.0.15.RELEASE
spring-framework-5.3.x,io.undertow:undertow-core,2.2.28.Final
spring-framework-5.3.x,io.undertow:undertow-servlet,2.2.28.Final
spring-framework-5.3.x,io.undertow:undertow-websockets-jsr,2.2.28.Final
spring-framework-5.3.x,jakarta.activation:jakarta.activation-api,1.2.1
spring-framework-5.3.x,jakarta.activation:jakarta.activation-api,1.2.2
spring-framework-5.3.x,jakarta.annotation:jakarta.annotation-api,1.3.4
spring-framework-5.3.x,jakarta.annotation:jakarta.annotation-api,1.3.5
spring-framework-5.3.x,jakarta.el:jakarta.el-api,3.0.3
spring-framework-5.3.x,jakarta.jms:jakarta.jms-api,2.0.3
spring-framework-5.3.x,jakarta.json:jakarta.json-api,1.1.6
spring-framework-5.3.x,jakarta.json:jakarta.json-api,2.0.1
spring-framework-5.3.x,jakarta.jws:jakarta.jws-api,2.1.0
spring-framework-5.3.x,jakarta.management.j2ee:jakarta.management.j2ee-api,1.1.4
spring-framework-5.3.x,jakarta.persistence:jakarta.persistence-api,2.2.3
spring-framework-5.3.x,jakarta.servlet:jakarta.servlet-api,4.0.4
spring-framework-5.3.x,jakarta.transaction:jakarta.transaction-api,1.3.3
spring-framework-5.3.x,jakarta.validation:jakarta.validation-api,2.0.2
spring-framework-5.3.x,jakarta.websocket:jakarta.websocket-api,1.1.2
spring-framework-5.3.x,jakarta.ws.rs:jakarta.ws.rs-api,2.1.6
spring-framework-5.3.x,jakarta.xml.bind:jakarta.xml.bind-api,2.3.2
spring-framework-5.3.x,jakarta.xml.bind:jakarta.xml.bind-api,2.3.3
spring-framework-5.3.x,jakarta.xml.soap:jakarta.xml.soap-api,1.4.2
spring-framework-5.3.x,jakarta.xml.ws:jakarta.xml.ws-api,2.3.3
spring-framework-5.3.x,javax.activation:activation,1.1
spring-framework-5.3.x,javax.activation:javax.activation-api,1.2.0
spring-framework-5.3.x,javax.annotation:javax.annotation-api,1.3.2
spring-framework-5.3.x,javax.annotation:jsr250-api,1.0
spring-framework-5.3.x,javax.batch:javax.batch-api,1.0
spring-framework-5.3.x,javax.enterprise:cdi-api,1.0
spring-framework-5.3.x,javax.inject:javax.inject,1
spring-framework-5.3.x,javax.persistence:javax.persistence-api,2.2
spring-framework-5.3.x,javax.servlet:javax.servlet-api,3.1.0
spring-framework-5.3.x,javax.websocket:javax.websocket-api,1.0
spring-framework-5.3.x,javax.websocket:javax.websocket-client-api,1.0
spring-framework-5.3.x,javax.xml.bind:jaxb-api,2.3.0
spring-framework-5.3.x,javax.xml.bind:jaxb-api,2.3.1
spring-framework-5.3.x,jline:jline,2.11
spring-framework-5.3.x,joda-time:joda-time,2.10.10
spring-framework-5.3.x,joda-time:joda-time,2.9
spring-framework-5.3.x,net.bytebuddy:byte-buddy-agent,1.12.9
spring-framework-5.3.x,net.bytebuddy:byte-buddy,1.12.18
spring-framework-5.3.x,net.bytebuddy:byte-buddy,1.12.9
spring-framework-5.3.x,net.java.dev.jna:jna-platform,5.7.0
spring-framework-5.3.x,net.java.dev.jna:jna,5.10.0
spring-framework-5.3.x,net.java.dev.jna:jna,5.7.0
spring-framework-5.3.x,net.jcip:jcip-annotations,1.0
spring-framework-5.3.x,net.minidev:accessors-smart,2.4.7
spring-framework-5.3.x,net.minidev:accessors-smart,2.4.8
spring-framework-5.3.x,net.minidev:json-smart,2.4.7
spring-framework-5.3.x,net.minidev:json-smart,2.4.8
spring-framework-5.3.x,net.sf.jopt-simple:jopt-simple,5.0.2
spring-framework-5.3.x,net.sf.jopt-simple:jopt-simple,5.0.4
spring-framework-5.3.x,net.shibboleth.utilities:java-support,7.5.2
spring-framework-5.3.x,net.sourceforge.nekohtml:nekohtml,1.9.22
spring-framework-5.3.x,ognl:ognl,3.1.12
spring-framework-5.3.x,ognl:ognl,3.1.26
spring-framework-5.3.x,org.antlr:antlr4-runtime,4.7.2
spring-framework-5.3.x,org.antlr:antlr4-runtime,4.9.3
spring-framework-5.3.x,org.apache.activemq:activemq-broker,5.16.7
spring-framework-5.3.x,org.apache.activemq:activemq-client,5.16.7
spring-framework-5.3.x,org.apache.activemq:activemq-openwire-legacy,5.16.7
spring-framework-5.3.x,org.apache.activemq:artemis-commons,2.19.1
spring-framework-5.3.x,org.apache.activemq:artemis-core-client,2.19.1
spring-framework-5.3.x,org.apache.activemq:artemis-jms-client,2.19.1
spring-framework-5.3.x,org.apache.activemq:artemis-selector,2.19.1
spring-framework-5.3.x,org.apache.commons:commons-compress,1.21
spring-framework-5.3.x,org.apache.commons:commons-lang3,3.12.0
spring-framework-5.3.x,org.apache.geronimo.specs:geronimo-j2ee-management_1.1_spec,1.0.1
spring-framework-5.3.x,org.apache.geronimo.specs:geronimo-jms_1.1_spec,1.1.1
spring-framework-5.3.x,org.apache.httpcomponents:httpasyncclient,4.1.4
spring-framework-5.3.x,org.apache.httpcomponents:httpclient,4.5.10
spring-framework-5.3.x,org.apache.httpcomponents:httpclient,4.5.13
spring-framework-5.3.x,org.apache.httpcomponents:httpclient,4.5.14
spring-framework-5.3.x,org.apache.httpcomponents:httpclient,4.5.6
spring-framework-5.3.x,org.apache.httpcomponents:httpcore-nio,4.4.10
spring-framework-5.3.x,org.apache.httpcomponents:httpcore-nio,4.4.12
spring-framework-5.3.x,org.apache.httpcomponents:httpcore,4.4.10
spring-framework-5.3.x,org.apache.httpcomponents:httpcore,4.4.12
spring-framework-5.3.x,org.apache.httpcomponents:httpcore,4.4.13
spring-framework-5.3.x,org.apache.httpcomponents:httpcore,4.4.16
spring-framework-5.3.x,org.apache.johnzon:johnzon-core,0.9.5
spring-framework-5.3.x,org.apache.logging.log4j:log4j-api,2.17.1
spring-framework-5.3.x,org.apache.logging.log4j:log4j-api,2.17.2
spring-framework-5.3.x,org.apache.logging.log4j:log4j-core,2.17.1
spring-framework-5.3.x,org.apache.logging.log4j:log4j-core,2.17.2
spring-framework-5.3.x,org.apache.logging.log4j:log4j-jul,2.17.2
spring-framework-5.3.x,org.apache.logging.log4j:log4j-slf4j-impl,2.17.2
spring-framework-5.3.x,org.apache.logging.log4j:log4j-to-slf4j,2.17.2
spring-framework-5.3.x,org.apache.lucene:lucene-analyzers-common,8.11.1
spring-framework-5.3.x,org.apache.lucene:lucene-backward-codecs,8.11.1
spring-framework-5.3.x,org.apache.lucene:lucene-core,8.11.1
spring-framework-5.3.x,org.apache.lucene:lucene-grouping,8.11.1
spring-framework-5.3.x,org.apache.lucene:lucene-highlighter,8.11.1
spring-framework-5.3.x,org.apache.lucene:lucene-join,8.11.1
spring-framework-5.3.x,org.apache.lucene:lucene-memory,8.11.1
spring-framework-5.3.x,org.apache.lucene:lucene-misc,8.11.1
spring-framework-5.3.x,org.apache.lucene:lucene-queries,8.11.1
spring-framework-5.3.x,org.apache.lucene:lucene-queryparser,8.11.1
spring-framework-5.3.x,org.apache.lucene:lucene-sandbox,8.11.1
spring-framework-5.3.x,org.apache.lucene:lucene-spatial3d,8.11.1
spring-framework-5.3.x,org.apache.lucene:lucene-suggest,8.11.1
spring-framework-5.3.x,org.apache.maven:maven-artifact,3.9.4
spring-framework-5.3.x,org.apache.maven:maven-builder-support,3.9.4
spring-framework-5.3.x,org.apache.maven:maven-model-builder,3.9.4
spring-framework-5.3.x,org.apache.maven:maven-model,3.9.4
spring-framework-5.3.x,org.apache.maven:maven-repository-metadata,3.9.4
spring-framework-5.3.x,org.apache.maven:maven-resolver-provider,3.9.4
spring-framework-5.3.x,org.apache.maven:maven-settings-builder,3.9.4
spring-framework-5.3.x,org.apache.maven:maven-settings,3.9.4
spring-framework-5.3.x,org.apache.maven.resolver:maven-resolver-api,1.9.14
spring-framework-5.3.x,org.apache.maven.resolver:maven-resolver-connector-basic,1.9.14
spring-framework-5.3.x,org.apache.maven.resolver:maven-resolver-impl,1.9.14
spring-framework-5.3.x,org.apache.maven.resolver:maven-resolver-named-locks,1.9.14
spring-framework-5.3.x,org.apache.maven.resolver:maven-resolver-spi,1.9.14
spring-framework-5.3.x,org.apache.maven.resolver:maven-resolver-transport-file,1.9.14
spring-framework-5.3.x,org.apache.maven.resolver:maven-resolver-transport-http,1.9.14
spring-framework-5.3.x,org.apache.maven.resolver:maven-resolver-util,1.9.14
spring-framework-5.3.x,org.apache.santuario:xmlsec,2.0.10
spring-framework-5.3.x,org.apache.tomcat:tomcat-annotations-api,9.0.83
spring-framework-5.3.x,org.apache.tomcat.embed:tomcat-embed-core,9.0.83
spring-framework-5.3.x,org.apache.tomcat.embed:tomcat-embed-el,9.0.83
spring-framework-5.3.x,org.apache.tomcat.embed:tomcat-embed-websocket,9.0.83
spring-framework-5.3.x,org.apache.velocity:velocity,1.7
spring-framework-5.3.x,org.apiguardian:apiguardian-api,1.1.1
spring-framework-5.3.x,org.apiguardian:apiguardian-api,1.1.2
spring-framework-5.3.x,org.aspectj:aspectjrt,1.9.19
spring-framework-5.3.x,org.aspectj:aspectjweaver,1.9.7
spring-framework-5.3.x,org.assertj:assertj-core,3.22.0
spring-framework-5.3.x,org.atteo:evo-inflector,1.3
spring-framework-5.3.x,org.attoparser:attoparser,2.0.5.RELEASE
spring-framework-5.3.x,org.bouncycastle:bcpkix-jdk15on,1.70
spring-framework-5.3.x,org.bouncycastle:bcprov-jdk15on,1.59
spring-framework-5.3.x,org.bouncycastle:bcprov-jdk15on,1.70
spring-framework-5.3.x,org.bouncycastle:bcutil-jdk15on,1.70
spring-framework-5.3.x,org.codehaus.groovy:groovy-templates,3.0.19
spring-framework-5.3.x,org.codehaus.groovy:groovy-xml,3.0.19
spring-framework-5.3.x,org.codehaus.groovy:groovy,3.0.19
spring-framework-5.3.x,org.codehaus.plexus:plexus-cipher,2.0
spring-framework-5.3.x,org.codehaus.plexus:plexus-classworlds,2.5.2
spring-framework-5.3.x,org.codehaus.plexus:plexus-component-annotations,1.5.5
spring-framework-5.3.x,org.codehaus.plexus:plexus-interpolation,1.26
spring-framework-5.3.x,org.codehaus.plexus:plexus-sec-dispatcher,2.0
spring-framework-5.3.x,org.codehaus.plexus:plexus-utils,1.5.5
spring-framework-5.3.x,org.codehaus.plexus:plexus-utils,1.5.8
spring-framework-5.3.x,org.codehaus.plexus:plexus-utils,3.0.17
spring-framework-5.3.x,org.codehaus.plexus:plexus-utils,3.0.18
spring-framework-5.3.x,org.codehaus.plexus:plexus-utils,3.4.1
spring-framework-5.3.x,org.codehaus.plexus:plexus-utils,3.5.1
spring-framework-5.3.x,org.codehaus.woodstox:stax2-api,3.1.4
spring-framework-5.3.x,org.cryptacular:cryptacular,1.1.4
spring-framework-5.3.x,org.eclipse.jetty:jetty-annotations,9.4.53.v20231009
spring-framework-5.3.x,org.eclipse.jetty:jetty-client,9.4.53.v20231009
spring-framework-5.3.x,org.eclipse.jetty:jetty-continuation,9.4.53.v20231009
spring-framework-5.3.x,org.eclipse.jetty:jetty-http,9.4.53.v20231009
spring-framework-5.3.x,org.eclipse.jetty:jetty-io,9.4.53.v20231009
spring-framework-5.3.x,org.eclipse.jetty:jetty-jndi,9.4.53.v20231009
spring-framework-5.3.x,org.eclipse.jetty:jetty-plus,9.4.53.v20231009
spring-framework-5.3.x,org.eclipse.jetty:jetty-security,9.4.53.v20231009
spring-framework-5.3.x,org.eclipse.jetty:jetty-server,9.4.53.v20231009
spring-framework-5.3.x,org.eclipse.jetty:jetty-servlet,9.4.53.v20231009
spring-framework-5.3.x,org.eclipse.jetty:jetty-servlets,9.4.53.v20231009
spring-framework-5.3.x,org.eclipse.jetty:jetty-util-ajax,9.4.53.v20231009
spring-framework-5.3.x,org.eclipse.jetty:jetty-util,9.4.53.v20231009
spring-framework-5.3.x,org.eclipse.jetty:jetty-webapp,9.4.53.v20231009
spring-framework-5.3.x,org.eclipse.jetty:jetty-xml,9.4.53.v20231009
spring-framework-5.3.x,org.eclipse.jetty.websocket:javax-websocket-client-impl,9.4.53.v20231009
spring-framework-5.3.x,org.eclipse.jetty.websocket:javax-websocket-server-impl,9.4.53.v20231009
spring-framework-5.3.x,org.eclipse.jetty.websocket:websocket-api,9.4.53.v20231009
spring-framework-5.3.x,org.eclipse.jetty.websocket:websocket-client,9.4.53.v20231009
spring-framework-5.3.x,org.eclipse.jetty.websocket:websocket-common,9.4.53.v20231009
spring-framework-5.3.x,org.eclipse.jetty.websocket:websocket-server,9.4.53.v20231009
spring-framework-5.3.x,org.eclipse.jetty.websocket:websocket-servlet,9.4.53.v20231009
spring-framework-5.3.x,org.eclipse.parsson:parsson,1.0.0
spring-framework-5.3.x,org.eclipse.sisu:org.eclipse.sisu.inject,0.3.0
spring-framework-5.3.x,org.eclipse.sisu:org.eclipse.sisu.inject,0.3.5
spring-framework-5.3.x,org.eclipse.sisu:org.eclipse.sisu.plexus,0.3.0
spring-framework-5.3.x,org.elasticsearch:elasticsearch-cli,7.17.15
spring-framework-5.3.x,org.elasticsearch:elasticsearch-core,7.17.15
spring-framework-5.3.x,org.elasticsearch:elasticsearch-geo,7.17.15
spring-framework-5.3.x,org.elasticsearch:elasticsearch-lz4,7.17.15
spring-framework-5.3.x,org.elasticsearch:elasticsearch-plugin-classloader,7.17.15
spring-framework-5.3.x,org.elasticsearch:elasticsearch-secure-sm,7.17.15
spring-framework-5.3.x,org.elasticsearch:elasticsearch-x-content,7.17.15
spring-framework-5.3.x,org.elasticsearch:elasticsearch,7.17.15
spring-framework-5.3.x,org.elasticsearch.client:elasticsearch-rest-client,7.17.15
spring-framework-5.3.x,org.elasticsearch.client:elasticsearch-rest-high-level-client,7.17.15
spring-framework-5.3.x,org.elasticsearch.plugin:aggs-matrix-stats-client,7.17.15
spring-framework-5.3.x,org.elasticsearch.plugin:lang-mustache-client,7.17.15
spring-framework-5.3.x,org.elasticsearch.plugin:mapper-extras-client,7.17.15
spring-framework-5.3.x,org.elasticsearch.plugin:parent-join-client,7.17.15
spring-framework-5.3.x,org.elasticsearch.plugin:rank-eval-client,7.17.15
spring-framework-5.3.x,org.freemarker:freemarker,2.3.32
spring-framework-5.3.x,org.fusesource.hawtbuf:hawtbuf,1.11
spring-framework-5.3.x,org.glassfish:jakarta.el,3.0.4
spring-framework-5.3.x,org.glassfish.hk2:class-model,2.6.1
spring-framework-5.3.x,org.glassfish.hk2:hk2-api,2.6.1
spring-framework-5.3.x,org.glassfish.hk2:hk2-core,2.6.1
spring-framework-5.3.x,org.glassfish.hk2:hk2-locator,2.6.1
spring-framework-5.3.x,org.glassfish.hk2:hk2-runlevel,2.6.1
spring-framework-5.3.x,org.glassfish.hk2:hk2-utils,2.6.1
spring-framework-5.3.x,org.glassfish.hk2:hk2,2.6.1
spring-framework-5.3.x,org.glassfish.hk2:osgi-resource-locator,1.0.3
spring-framework-5.3.x,org.glassfish.hk2:spring-bridge,2.6.1
spring-framework-5.3.x,org.glassfish.hk2.external:aopalliance-repackaged,2.6.1
spring-framework-5.3.x,org.glassfish.hk2.external:jakarta.inject,2.6.1
spring-framework-5.3.x,org.glassfish.jaxb:jaxb-core,2.3.0.1
spring-framework-5.3.x,org.glassfish.jaxb:jaxb-runtime,2.3.1
spring-framework-5.3.x,org.glassfish.jaxb:txw2,2.3.0.1
spring-framework-5.3.x,org.glassfish.jaxb:txw2,2.3.1
spring-framework-5.3.x,org.glassfish.jersey.containers:jersey-container-servlet-core,2.35
spring-framework-5.3.x,org.glassfish.jersey.containers:jersey-container-servlet,2.35
spring-framework-5.3.x,org.glassfish.jersey.core:jersey-client,2.35
spring-framework-5.3.x,org.glassfish.jersey.core:jersey-common,2.35
spring-framework-5.3.x,org.glassfish.jersey.core:jersey-server,2.35
spring-framework-5.3.x,org.glassfish.jersey.ext:jersey-bean-validation,2.35
spring-framework-5.3.x,org.glassfish.jersey.ext:jersey-entity-filtering,2.35
spring-framework-5.3.x,org.glassfish.jersey.ext:jersey-spring5,2.35
spring-framework-5.3.x,org.glassfish.jersey.inject:jersey-hk2,2.35
spring-framework-5.3.x,org.glassfish.jersey.media:jersey-media-json-jackson,2.35
spring-framework-5.3.x,org.hamcrest:hamcrest,2.2
spring-framework-5.3.x,org.hdrhistogram:HdrHistogram,2.1.12
spring-framework-5.3.x,org.hdrhistogram:HdrHistogram,2.1.8
spring-framework-5.3.x,org.hdrhistogram:HdrHistogram,2.1.9
spring-framework-5.3.x,org.hibernate:hibernate-core,5.6.15.Final
spring-framework-5.3.x,org.hibernate.common:hibernate-commons-annotations,5.1.2.Final
spring-framework-5.3.x,org.hibernate.validator:hibernate-validator,6.2.0.Final
spring-framework-5.3.x,org.hibernate.validator:hibernate-validator,6.2.5.Final
spring-framework-5.3.x,org.jasig.cas.client:cas-client-core,3.6.4
spring-framework-5.3.x,org.javassist:javassist,3.20.0-GA
spring-framework-5.3.x,org.javassist:javassist,3.22.0-CR2
spring-framework-5.3.x,org.javassist:javassist,3.25.0-GA
spring-framework-5.3.x,org.jboss:jandex,2.4.2.Final
spring-framework-5.3.x,org.jboss.interceptor:jboss-interceptor-api,1.1
spring-framework-5.3.x,org.jboss.logging:jboss-logging,3.3.1.Final
spring-framework-5.3.x,org.jboss.logging:jboss-logging,3.3.2.Final
spring-framework-5.3.x,org.jboss.logging:jboss-logging,3.4.1.Final
spring-framework-5.3.x,org.jboss.logging:jboss-logging,3.4.2.Final
spring-framework-5.3.x,org.jboss.logging:jboss-logging,3.4.3.Final
spring-framework-5.3.x,org.jboss.spec.javax.annotation:jboss-annotations-api_1.3_spec,2.0.1.Final
spring-framework-5.3.x,org.jboss.spec.javax.servlet:jboss-servlet-api_4.0_spec,2.0.0.Final
spring-framework-5.3.x,org.jboss.spec.javax.transaction:jboss-transaction-api_1.2_spec,1.1.1.Final
spring-framework-5.3.x,org.jboss.spec.javax.websocket:jboss-websocket-api_1.1_spec,2.0.0.Final
spring-framework-5.3.x,org.jboss.threads:jboss-threads,2.3.6.Final
spring-framework-5.3.x,org.jboss.threads:jboss-threads,3.1.0.Final
spring-framework-5.3.x,org.jboss.xnio:xnio-api,3.8.7.Final
spring-framework-5.3.x,org.jboss.xnio:xnio-nio,3.8.7.Final
spring-framework-5.3.x,org.jgroups:jgroups,3.6.13.Final
spring-framework-5.3.x,org.jooq:jooq,3.14.16
spring-framework-5.3.x,org.junit.jupiter:junit-jupiter-api,5.8.2
spring-framework-5.3.x,org.junit.jupiter:junit-jupiter-engine,5.8.2
spring-framework-5.3.x,org.junit.jupiter:junit-jupiter-params,5.8.2
spring-framework-5.3.x,org.junit.jupiter:junit-jupiter,5.8.2
spring-framework-5.3.x,org.junit.platform:junit-platform-commons,1.8.2
spring-framework-5.3.x,org.junit.platform:junit-platform-engine,1.8.2
spring-framework-5.3.x,org.jvnet.staxex:stax-ex,1.8
spring-framework-5.3.x,org.jvnet.staxex:stax-ex,1.8.3
spring-framework-5.3.x,org.latencyutils:LatencyUtils,2.0.3
spring-framework-5.3.x,org.lz4:lz4-java,1.8.0
spring-framework-5.3.x,org.mockito:mockito-core,4.5.1
spring-framework-5.3.x,org.mockito:mockito-junit-jupiter,4.5.1
spring-framework-5.3.x,org.mongodb:bson-record-codec,4.6.1
spring-framework-5.3.x,org.mongodb:bson,4.6.1
spring-framework-5.3.x,org.mongodb:mongodb-driver-core,4.6.1
spring-framework-5.3.x,org.mongodb:mongodb-driver-reactivestreams,4.6.1
spring-framework-5.3.x,org.mongodb:mongodb-driver-sync,4.6.1
spring-framework-5.3.x,org.neo4j:neo4j-cypher-dsl,2022.8.5
spring-framework-5.3.x,org.neo4j.driver:neo4j-java-driver,4.4.12
spring-framework-5.3.x,org.objenesis:objenesis,3.2
spring-framework-5.3.x,org.openid4java:openid4java-nodeps,0.9.6
spring-framework-5.3.x,org.opensaml:opensaml-core,3.4.6
spring-framework-5.3.x,org.opensaml:opensaml-messaging-api,3.4.6
spring-framework-5.3.x,org.opensaml:opensaml-profile-api,3.4.6
spring-framework-5.3.x,org.opensaml:opensaml-saml-api,3.4.6
spring-framework-5.3.x,org.opensaml:opensaml-saml-impl,3.4.6
spring-framework-5.3.x,org.opensaml:opensaml-security-api,3.4.6
spring-framework-5.3.x,org.opensaml:opensaml-security-impl,3.4.6
spring-framework-5.3.x,org.opensaml:opensaml-soap-api,3.4.6
spring-framework-5.3.x,org.opensaml:opensaml-soap-impl,3.4.6
spring-framework-5.3.x,org.opensaml:opensaml-storage-api,3.4.6
spring-framework-5.3.x,org.opensaml:opensaml-xmlsec-api,3.4.6
spring-framework-5.3.x,org.opensaml:opensaml-xmlsec-impl,3.4.6
spring-framework-5.3.x,org.opentest4j:opentest4j,1.2.0
spring-framework-5.3.x,org.ow2.asm:asm-analysis,7.1
spring-framework-5.3.x,org.ow2.asm:asm-analysis,9.2
spring-framework-5.3.x,org.ow2.asm:asm-commons,7.1
spring-framework-5.3.x,org.ow2.asm:asm-commons,9.2
spring-framework-5.3.x,org.ow2.asm:asm-commons,9.6
spring-framework-5.3.x,org.ow2.asm:asm-tree,7.1
spring-framework-5.3.x,org.ow2.asm:asm-tree,9.2
spring-framework-5.3.x,org.ow2.asm:asm-tree,9.6
spring-framework-5.3.x,org.ow2.asm:asm-util,7.1
spring-framework-5.3.x,org.ow2.asm:asm-util,9.2
spring-framework-5.3.x,org.ow2.asm:asm,7.1
spring-framework-5.3.x,org.ow2.asm:asm,9.1
spring-framework-5.3.x,org.ow2.asm:asm,9.2
spring-framework-5.3.x,org.ow2.asm:asm,9.6
spring-framework-5.3.x,org.quartz-scheduler:quartz,2.3.2
spring-framework-5.3.x,org.reactivestreams:reactive-streams,1.0.0
spring-framework-5.3.x,org.reactivestreams:reactive-streams,1.0.2
spring-framework-5.3.x,org.reactivestreams:reactive-streams,1.0.3
spring-framework-5.3.x,org.reactivestreams:reactive-streams,1.0.4
spring-framework-5.3.x,org.skyscreamer:jsonassert,1.5.1
spring-framework-5.3.x,org.slf4j:jcl-over-slf4j,1.7.36
spring-framework-5.3.x,org.slf4j:jul-to-slf4j,1.7.36
spring-framework-5.3.x,org.slf4j:slf4j-api,1.7.21
spring-framework-5.3.x,org.slf4j:slf4j-api,1.7.25
spring-framework-5.3.x,org.slf4j:slf4j-api,1.7.26
spring-framework-5.3.x,org.slf4j:slf4j-api,1.7.30
spring-framework-5.3.x,org.slf4j:slf4j-api,1.7.32
spring-framework-5.3.x,org.slf4j:slf4j-api,1.7.33
spring-framework-5.3.x,org.slf4j:slf4j-api,1.7.35
spring-framework-5.3.x,org.slf4j:slf4j-api,1.7.36
spring-framework-5.3.x,org.slf4j:slf4j-api,1.7.7
spring-framework-5.3.x,org.slf4j:slf4j-api,2.0.0-alpha1
spring-framework-5.3.x,org.slf4j:slf4j-simple,1.7.36
spring-framework-5.3.x,org.sonatype.plexus:plexus-build-api,0.0.7
spring-framework-5.3.x,org.sonatype.plexus:plexus-cipher,1.4
spring-framework-5.3.x,org.sonatype.plexus:plexus-sec-dispatcher,1.4
spring-framework-5.3.x,org.sonatype.sisu:sisu-guice,3.2.5
spring-framework-5.3.x,org.sonatype.sisu:sisu-inject-bean,2.6.0
spring-framework-5.3.x,org.sonatype.sisu:sisu-inject-plexus,2.6.0
spring-framework-5.3.x,org.springframework:spring-aop,4.3.16.RELEASE
spring-framework-5.3.x,org.springframework:spring-aop,5.1.5.RELEASE
spring-framework-5.3.x,org.springframework:spring-aop,5.2.0.RELEASE
spring-framework-5.3.x,org.springframework:spring-aop,5.3.29
spring-framework-5.3.x,org.springframework:spring-aop,5.3.30
spring-framework-5.3.x,org.springframework:spring-aop,5.3.31
spring-framework-5.3.x,org.springframework:spring-aop,5.3.39
spring-framework-5.3.x,org.springframework:spring-aspects,5.3.31
spring-framework-5.3.x,org.springframework:spring-aspects,5.3.39
spring-framework-5.3.x,org.springframework:spring-beans,4.3.16.RELEASE
spring-framework-5.3.x,org.springframework:spring-beans,5.1.5.RELEASE
spring-framework-5.3.x,org.springframework:spring-beans,5.2.0.RELEASE
spring-framework-5.3.x,org.springframework:spring-beans,5.3.21
spring-framework-5.3.x,org.springframework:spring-beans,5.3.29
spring-framework-5.3.x,org.springframework:spring-beans,5.3.30
spring-framework-5.3.x,org.springframework:spring-beans,5.3.31
spring-framework-5.3.x,org.springframework:spring-beans,5.3.39
spring-framework-5.3.x,org.springframework:spring-context-indexer,5.3.39
spring-framework-5.3.x,org.springframework:spring-context-support,5.3.31
spring-framework-5.3.x,org.springframework:spring-context-support,5.3.39
spring-framework-5.3.x,org.springframework:spring-context,4.3.16.RELEASE
spring-framework-5.3.x,org.springframework:spring-context,5.1.5.RELEASE
spring-framework-5.3.x,org.springframework:spring-context,5.2.0.RELEASE
spring-framework-5.3.x,org.springframework:spring-context,5.3.29
spring-framework-5.3.x,org.springframework:spring-context,5.3.30
spring-framework-5.3.x,org.springframework:spring-context,5.3.31
spring-framework-5.3.x,org.springframework:spring-context,5.3.39
spring-framework-5.3.x,org.springframework:spring-core,4.3.16.RELEASE
spring-framework-5.3.x,org.springframework:spring-core,5.1.5.RELEASE
spring-framework-5.3.x,org.springframework:spring-core,5.2.0.RELEASE
spring-framework-5.3.x,org.springframework:spring-core,5.3.21
spring-framework-5.3.x,org.springframework:spring-core,5.3.29
spring-framework-5.3.x,org.springframework:spring-core,5.3.30
spring-framework-5.3.x,org.springframework:spring-core,5.3.31
spring-framework-5.3.x,org.springframework:spring-core,5.3.39
spring-framework-5.3.x,org.springframework:spring-expression,4.3.16.RELEASE
spring-framework-5.3.x,org.springframework:spring-expression,5.1.5.RELEASE
spring-framework-5.3.x,org.springframework:spring-expression,5.2.0.RELEASE
spring-framework-5.3.x,org.springframework:spring-expression,5.3.29
spring-framework-5.3.x,org.springframework:spring-expression,5.3.30
spring-framework-5.3.x,org.springframework:spring-expression,5.3.31
spring-framework-5.3.x,org.springframework:spring-expression,5.3.39
spring-framework-5.3.x,org.springframework:spring-instrument,5.3.39
spring-framework-5.3.x,org.springframework:spring-jcl,5.1.5.RELEASE
spring-framework-5.3.x,org.springframework:spring-jcl,5.2.0.RELEASE
spring-framework-5.3.x,org.springframework:spring-jcl,5.3.21
spring-framework-5.3.x,org.springframework:spring-jcl,5.3.29
spring-framework-5.3.x,org.springframework:spring-jcl,5.3.30
spring-framework-5.3.x,org.springframework:spring-jcl,5.3.31
spring-framework-5.3.x,org.springframework:spring-jcl,5.3.39
spring-framework-5.3.x,org.springframework:spring-jdbc,5.3.29
spring-framework-5.3.x,org.springframework:spring-jdbc,5.3.31
spring-framework-5.3.x,org.springframework:spring-jdbc,5.3.39
spring-framework-5.3.x,org.springframework:spring-jms,5.3.31
spring-framework-5.3.x,org.springframework:spring-jms,5.3.39
spring-framework-5.3.x,org.springframework:spring-messaging,5.3.29
spring-framework-5.3.x,org.springframework:spring-messaging,5.3.30
spring-framework-5.3.x,org.springframework:spring-messaging,5.3.31
spring-framework-5.3.x,org.springframework:spring-messaging,5.3.39
spring-framework-5.3.x,org.springframework:spring-orm,5.3.31
spring-framework-5.3.x,org.springframework:spring-orm,5.3.39
spring-framework-5.3.x,org.springframework:spring-oxm,5.3.31
spring-framework-5.3.x,org.springframework:spring-oxm,5.3.39
spring-framework-5.3.x,org.springframework:spring-r2dbc,5.3.31
spring-framework-5.3.x,org.springframework:spring-r2dbc,5.3.39
spring-framework-5.3.x,org.springframework:spring-test,5.3.29
spring-framework-5.3.x,org.springframework:spring-test,5.3.31
spring-framework-5.3.x,org.springframework:spring-test,5.3.39
spring-framework-5.3.x,org.springframework:spring-tx,5.3.21
spring-framework-5.3.x,org.springframework:spring-tx,5.3.29
spring-framework-5.3.x,org.springframework:spring-tx,5.3.30
spring-framework-5.3.x,org.springframework:spring-tx,5.3.31
spring-framework-5.3.x,org.springframework:spring-tx,5.3.39
spring-framework-5.3.x,org.springframework:spring-web,5.1.5.RELEASE
spring-framework-5.3.x,org.springframework:spring-web,5.3.29
spring-framework-5.3.x,org.springframework:spring-web,5.3.31
spring-framework-5.3.x,org.springframework:spring-web,5.3.39
spring-framework-5.3.x,org.springframework:spring-webflux,5.3.31
spring-framework-5.3.x,org.springframework:spring-webflux,5.3.39
spring-framework-5.3.x,org.springframework:spring-webmvc,5.3.31
spring-framework-5.3.x,org.springframework:spring-webmvc,5.3.39
spring-framework-5.3.x,org.springframework:spring-websocket,5.3.31
spring-framework-5.3.x,org.springframework:spring-websocket,5.3.39
spring-framework-5.3.x,org.springframework.amqp:spring-amqp,2.4.17
spring-framework-5.3.x,org.springframework.amqp:spring-rabbit,2.4.17
spring-framework-5.3.x,org.springframework.batch:spring-batch-core,4.3.10
spring-framework-5.3.x,org.springframework.batch:spring-batch-infrastructure,4.3.10
spring-framework-5.3.x,org.springframework.boot:spring-boot-actuator-autoconfigure,2.7.18
spring-framework-5.3.x,org.springframework.boot:spring-boot-actuator,2.7.18
spring-framework-5.3.x,org.springframework.boot:spring-boot-antlib,2.7.18
spring-framework-5.3.x,org.springframework.boot:spring-boot-autoconfigure-processor,2.7.18
spring-framework-5.3.x,org.springframework.boot:spring-boot-autoconfigure,2.7.18
spring-framework-5.3.x,org.springframework.boot:spring-boot-buildpack-platform,2.7.18
spring-framework-5.3.x,org.springframework.boot:spring-boot-cli,2.7.18
spring-framework-5.3.x,org.springframework.boot:spring-boot-configuration-metadata,2.7.18
spring-framework-5.3.x,org.springframework.boot:spring-boot-configuration-processor,2.7.18
spring-framework-5.3.x,org.springframework.boot:spring-boot-devtools,2.7.18
spring-framework-5.3.x,org.springframework.boot:spring-boot-gradle-plugin,2.7.18
spring-framework-5.3.x,org.springframework.boot:spring-boot-jarmode-layertools,2.7.18
spring-framework-5.3.x,org.springframework.boot:spring-boot-loader-tools,2.7.18
spring-framework-5.3.x,org.springframework.boot:spring-boot-loader,2.7.18
spring-framework-5.3.x,org.springframework.boot:spring-boot-maven-plugin,2.7.18
spring-framework-5.3.x,org.springframework.boot:spring-boot-properties-migrator,2.7.18
spring-framework-5.3.x,org.springframework.boot:spring-boot-starter-activemq,2.7.18
spring-framework-5.3.x,org.springframework.boot:spring-boot-starter-actuator,2.7.18
spring-framework-5.3.x,org.springframework.boot:spring-boot-starter-amqp,2.7.18
spring-framework-5.3.x,org.springframework.boot:spring-boot-starter-aop,2.7.18
spring-framework-5.3.x,org.springframework.boot:spring-boot-starter-artemis,2.7.18
spring-framework-5.3.x,org.springframework.boot:spring-boot-starter-batch,2.7.18
spring-framework-5.3.x,org.springframework.boot:spring-boot-starter-cache,2.7.18
spring-framework-5.3.x,org.springframework.boot:spring-boot-starter-data-cassandra-reactive,2.7.18
spring-framework-5.3.x,org.springframework.boot:spring-boot-starter-data-cassandra,2.7.18
spring-framework-5.3.x,org.springframework.boot:spring-boot-starter-data-couchbase-reactive,2.7.18
spring-framework-5.3.x,org.springframework.boot:spring-boot-starter-data-couchbase,2.7.18
spring-framework-5.3.x,org.springframework.boot:spring-boot-starter-data-elasticsearch,2.7.18
spring-framework-5.3.x,org.springframework.boot:spring-boot-starter-data-jdbc,2.7.18
spring-framework-5.3.x,org.springframework.boot:spring-boot-starter-data-jpa,2.7.18
spring-framework-5.3.x,org.springframework.boot:spring-boot-starter-data-ldap,2.7.18
spring-framework-5.3.x,org.springframework.boot:spring-boot-starter-data-mongodb-reactive,2.7.18
spring-framework-5.3.x,org.springframework.boot:spring-boot-starter-data-mongodb,2.7.18
spring-framework-5.3.x,org.springframework.boot:spring-boot-starter-data-neo4j,2.7.18
spring-framework-5.3.x,org.springframework.boot:spring-boot-starter-data-r2dbc,2.7.18
spring-framework-5.3.x,org.springframework.boot:spring-boot-starter-data-redis-reactive,2.7.18
spring-framework-5.3.x,org.springframework.boot:spring-boot-starter-data-redis,2.7.18
spring-framework-5.3.x,org.springframework.boot:spring-boot-starter-data-rest,2.7.18
spring-framework-5.3.x,org.springframework.boot:spring-boot-starter-freemarker,2.7.18
spring-framework-5.3.x,org.springframework.boot:spring-boot-starter-graphql,2.7.18
spring-framework-5.3.x,org.springframework.boot:spring-boot-starter-groovy-templates,2.7.18
spring-framework-5.3.x,org.springframework.boot:spring-boot-starter-hateoas,2.7.18
spring-framework-5.3.x,org.springframework.boot:spring-boot-starter-integration,2.7.18
spring-framework-5.3.x,org.springframework.boot:spring-boot-starter-jdbc,2.7.18
spring-framework-5.3.x,org.springframework.boot:spring-boot-starter-jersey,2.7.18
spring-framework-5.3.x,org.springframework.boot:spring-boot-starter-jetty,2.7.18
spring-framework-5.3.x,org.springframework.boot:spring-boot-starter-jooq,2.7.18
spring-framework-5.3.x,org.springframework.boot:spring-boot-starter-json,2.7.18
spring-framework-5.3.x,org.springframework.boot:spring-boot-starter-jta-atomikos,2.7.18
spring-framework-5.3.x,org.springframework.boot:spring-boot-starter-log4j2,2.7.18
spring-framework-5.3.x,org.springframework.boot:spring-boot-starter-logging,2.7.18
spring-framework-5.3.x,org.springframework.boot:spring-boot-starter-mail,2.7.18
spring-framework-5.3.x,org.springframework.boot:spring-boot-starter-mustache,2.7.18
spring-framework-5.3.x,org.springframework.boot:spring-boot-starter-oauth2-client,2.7.18
spring-framework-5.3.x,org.springframework.boot:spring-boot-starter-oauth2-resource-server,2.7.18
spring-framework-5.3.x,org.springframework.boot:spring-boot-starter-quartz,2.7.18
spring-framework-5.3.x,org.springframework.boot:spring-boot-starter-reactor-netty,2.7.18
spring-framework-5.3.x,org.springframework.boot:spring-boot-starter-rsocket,2.7.18
spring-framework-5.3.x,org.springframework.boot:spring-boot-starter-security,2.7.18
spring-framework-5.3.x,org.springframework.boot:spring-boot-starter-test,2.7.18
spring-framework-5.3.x,org.springframework.boot:spring-boot-starter-thymeleaf,2.7.18
spring-framework-5.3.x,org.springframework.boot:spring-boot-starter-tomcat,2.7.18
spring-framework-5.3.x,org.springframework.boot:spring-boot-starter-undertow,2.7.18
spring-framework-5.3.x,org.springframework.boot:spring-boot-starter-validation,2.7.18
spring-framework-5.3.x,org.springframework.boot:spring-boot-starter-web-services,2.7.18
spring-framework-5.3.x,org.springframework.boot:spring-boot-starter-web,2.7.18
spring-framework-5.3.x,org.springframework.boot:spring-boot-starter-webflux,2.7.18
spring-framework-5.3.x,org.springframework.boot:spring-boot-starter-websocket,2.7.18
spring-framework-5.3.x,org.springframework.boot:spring-boot-starter,2.7.18
spring-framework-5.3.x,org.springframework.boot:spring-boot-test-autoconfigure,2.7.18
spring-framework-5.3.x,org.springframework.boot:spring-boot-test,2.7.18
spring-framework-5.3.x,org.springframework.boot:spring-boot,2.7.18
spring-framework-5.3.x,org.springframework.data:spring-data-cassandra,3.4.18
spring-framework-5.3.x,org.springframework.data:spring-data-commons,2.7.14
spring-framework-5.3.x,org.springframework.data:spring-data-commons,2.7.18
spring-framework-5.3.x,org.springframework.data:spring-data-couchbase,4.4.18
spring-framework-5.3.x,org.springframework.data:spring-data-elasticsearch,4.4.18
spring-framework-5.3.x,org.springframework.data:spring-data-jdbc,2.4.18
spring-framework-5.3.x,org.springframework.data:spring-data-jpa,2.7.18
spring-framework-5.3.x,org.springframework.data:spring-data-keyvalue,2.7.18
spring-framework-5.3.x,org.springframework.data:spring-data-ldap,2.7.18
spring-framework-5.3.x,org.springframework.data:spring-data-mongodb,3.4.18
spring-framework-5.3.x,org.springframework.data:spring-data-neo4j,6.3.18
spring-framework-5.3.x,org.springframework.data:spring-data-r2dbc,1.5.18
spring-framework-5.3.x,org.springframework.data:spring-data-redis,2.7.18
spring-framework-5.3.x,org.springframework.data:spring-data-relational,2.4.18
spring-framework-5.3.x,org.springframework.data:spring-data-rest-core,3.7.18
spring-framework-5.3.x,org.springframework.data:spring-data-rest-webmvc,3.7.18
spring-framework-5.3.x,org.springframework.graphql:spring-graphql,1.0.6
spring-framework-5.3.x,org.springframework.hateoas:spring-hateoas,1.5.6
spring-framework-5.3.x,org.springframework.integration:spring-integration-core,5.5.20
spring-framework-5.3.x,org.springframework.ldap:spring-ldap-core,2.4.1
spring-framework-5.3.x,org.springframework.plugin:spring-plugin-core,2.0.0.RELEASE
spring-framework-5.3.x,org.springframework.retry:spring-retry,1.3.4
spring-framework-5.3.x,org.springframework.security:spring-security-acl,5.7.11
spring-framework-5.3.x,org.springframework.security:spring-security-aspects,5.7.11
spring-framework-5.3.x,org.springframework.security:spring-security-cas,5.7.11
spring-framework-5.3.x,org.springframework.security:spring-security-config,5.7.11
spring-framework-5.3.x,org.springframework.security:spring-security-core,5.7.11
spring-framework-5.3.x,org.springframework.security:spring-security-crypto,5.7.11
spring-framework-5.3.x,org.springframework.security:spring-security-data,5.7.11
spring-framework-5.3.x,org.springframework.security:spring-security-ldap,5.7.11
spring-framework-5.3.x,org.springframework.security:spring-security-messaging,5.7.11
spring-framework-5.3.x,org.springframework.security:spring-security-oauth2-client,5.7.11
spring-framework-5.3.x,org.springframework.security:spring-security-oauth2-core,5.7.11
spring-framework-5.3.x,org.springframework.security:spring-security-oauth2-jose,5.7.11
spring-framework-5.3.x,org.springframework.security:spring-security-oauth2-resource-server,5.7.11
spring-framework-5.3.x,org.springframework.security:spring-security-openid,5.7.11
spring-framework-5.3.x,org.springframework.security:spring-security-remoting,5.7.11
spring-framework-5.3.x,org.springframework.security:spring-security-rsocket,5.7.11
spring-framework-5.3.x,org.springframework.security:spring-security-saml2-service-provider,5.7.11
spring-framework-5.3.x,org.springframework.security:spring-security-taglibs,5.7.11
spring-framework-5.3.x,org.springframework.security:spring-security-test,5.7.11
spring-framework-5.3.x,org.springframework.security:spring-security-web,5.7.11
spring-framework-5.3.x,org.springframework.ws:spring-ws-core,3.1.8
spring-framework-5.3.x,org.springframework.ws:spring-xml,3.1.8
spring-framework-5.3.x,org.thymeleaf:thymeleaf-spring5,3.0.15.RELEASE
spring-framework-5.3.x,org.thymeleaf:thymeleaf,3.0.11.RELEASE
spring-framework-5.3.x,org.thymeleaf:thymeleaf,3.0.15.RELEASE
spring-framework-5.3.x,org.thymeleaf.extras:thymeleaf-extras-java8time,3.0.4.RELEASE
spring-framework-5.3.x,org.tomlj:tomlj,1.0.0
spring-framework-5.3.x,org.unbescape:unbescape,1.1.6.RELEASE
spring-framework-5.3.x,org.wildfly.client:wildfly-client-config,1.0.1.Final
spring-framework-5.3.x,org.wildfly.common:wildfly-common,1.2.0.Final
spring-framework-5.3.x,org.wildfly.common:wildfly-common,1.3.0.Final
spring-framework-5.3.x,org.wildfly.common:wildfly-common,1.5.0.Final
spring-framework-5.3.x,org.wildfly.common:wildfly-common,1.5.4.Final
spring-framework-5.3.x,org.xmlunit:xmlunit-core,2.9.1
spring-framework-5.3.x,org.yaml:snakeyaml,1.30
spring-framework-5.3.x,org.yaml:snakeyaml,1.33
spring-framework-5.3.x,xerces:xercesImpl,2.11.0
spring-framework-5.3.x,xml-apis:xml-apis,1.4.01
demo-0.1.x,com.fasterxml.jackson.core:jackson-core,2.14.2
demo-0.1.x,org.yaml:snakeyaml,1.33
demo-0.1.x,commons-io:commons-io,2.11.0
demo-0.1.x,org.apache.commons:commons-text,1.10.0
demo-0.1.x,org.apache.commons:commons-lang3,3.12.0
lab-1.0.x,com.google.code.gson:gson,2.8.8
lab-1.0.x,com.thoughtworks.xstream:xstream,1.4.19
lab-1.0.x,commons-fileupload:commons-fileupload,1.3.2
lab-1.0.x,com.h2database:h2,2.0.204
lab-1.0.x,org.jodd:jodd-json,5.0.3
lab-1.0.x,org.apache.velocity:velocity-engine-core,2.2
